{
  "PARTICLE": "pion",
  "min": [
    0.0,
    0.0,
    0.0,
    0.0,
    0.0
  ],
  "max": [
    316636.4375,
    3941470.25,
    2984073.5,
    2083319.125,
    3368634.75
  ],
  "mean": [
    3192.6382781456955,
    37288.252185430465,
    26706.576953642383,
    31609.45271523179,
    38386.078940397354
  ],
  "std": [
    12345.54052010001,
    156231.6228193827,
    96777.89128784205,
    108623.17355659301,
    151536.9907281562
  ]
}